Feature,Importance
Transportation_Hours,0.5432995828641516
Sorting_Hours,0.08444531646572924
Dispatch_Wait_Hours,0.07708776970922318
Shipment_Volume,0.05082824986053015
Transport_Mode_Air,0.03679733616071621
Transport_Mode_Road,0.02523205081319291
Transport_Mode_Rail,0.021054389856412174
Warehouse_Chennai,0.010293062829890176
Warehouse_Bengaluru,0.01012527206767141
Origin_Chennai,0.009170819308005985
Destination_Salem,0.007877034912019387
Origin_Bengaluru,0.007780032269241483
Warehouse_Hyderabad,0.007698905456573648
Destination_Delhi,0.007663138686955052
Origin_Coimbatore,0.007588965239990933
Destination_Pune,0.007148196531909875
Warehouse_Coimbatore,0.007132047487410822
Origin_Salem,0.006890067460650047
Origin_Hyderabad,0.006819478162725136
Destination_Chennai,0.0067293168409143424
Destination_Mumbai,0.006318773435904565
Destination_Kochi,0.0061788598576847315
Origin_Kochi,0.006140360993336848
Destination_Bengaluru,0.00598275014606967
Destination_Coimbatore,0.005935881141063694
Destination_Hyderabad,0.005850243523985642
Origin_Pune,0.005682392994690098
Warehouse_Mumbai,0.005631767063673704
Destination_Madurai,0.005524689332905866
Origin_Madurai,0.005093248526771345
